OrderID,CustomerID,OrderDate,SellAmount,CountryCode
10248,VINET,4/07/1996 0:00,32.38,FRA
10249,TOMSP,5/07/1996 0:00,11.61,DEU
10250,HANAR,8/07/1996 0:00,65.83,BRA
10251,VICTE,8/07/1996 0:00,41.34,FRA
10252,SUPRD,9/07/1996 0:00,51.3,BEL
10253,HANAR,10/07/1996 0:00,58.17,BRA
10254,CHOPS,11/07/1996 0:00,22.98,CHE
10255,RICSU,12/07/1996 0:00,148.33,CHE
10256,WELLI,15/07/1996 0:00,13.97,BRA
10257,HILAA,16/07/1996 0:00,81.91,VEN
10258,ERNSH,17/07/1996 0:00,140.51,AUT
10259,CENTC,18/07/1996 0:00,3.25,MEX
10260,OTTIK,19/07/1996 0:00,55.09,DEU
10261,QUEDE,19/07/1996 0:00,3.05,BRA
10262,RATTC,22/07/1996 0:00,48.29,USA
10263,ERNSH,23/07/1996 0:00,146.06,AUT
10264,FOLKO,24/07/1996 0:00,3.67,SWE
10265,BLONP,25/07/1996 0:00,55.28,FRA
10266,WARTH,26/07/1996 0:00,25.73,FIN
10267,FRANK,29/07/1996 0:00,208.58,DEU
10268,GROSR,30/07/1996 0:00,66.29,VEN
10269,WHITC,31/07/1996 0:00,4.56,USA
10270,WARTH,1/08/1996 0:00,136.54,FIN
10271,SPLIR,1/08/1996 0:00,4.54,USA
10272,RATTC,2/08/1996 0:00,98.03,USA
10273,QUICK,5/08/1996 0:00,76.07,DEU
10274,VINET,6/08/1996 0:00,6.01,FRA
10275,MAGAA,7/08/1996 0:00,26.93,ITA
10276,TORTU,8/08/1996 0:00,13.84,MEX
10277,MORGK,9/08/1996 0:00,125.77,DEU
10278,BERGS,12/08/1996 0:00,92.69,SWE
10279,LEHMS,13/08/1996 0:00,25.83,DEU
10280,BERGS,14/08/1996 0:00,8.98,SWE
10281,ROMEY,14/08/1996 0:00,2.94,ESP
10282,ROMEY,15/08/1996 0:00,12.69,ESP
10283,LILAS,16/08/1996 0:00,84.81,VEN
10284,LEHMS,19/08/1996 0:00,76.56,DEU
10285,QUICK,20/08/1996 0:00,76.83,DEU
10286,QUICK,21/08/1996 0:00,229.24,DEU
10287,RICAR,22/08/1996 0:00,12.76,BRA
10288,REGGC,23/08/1996 0:00,7.45,ITA
10289,BSBEV,26/08/1996 0:00,22.77,GBR
10290,COMMI,27/08/1996 0:00,79.7,BRA
10291,QUEDE,27/08/1996 0:00,6.4,BRA
10292,TRADH,28/08/1996 0:00,1.35,BRA
10293,TORTU,29/08/1996 0:00,21.18,MEX
10294,RATTC,30/08/1996 0:00,147.26,USA
10295,VINET,2/09/1996 0:00,1.15,FRA
10296,LILAS,3/09/1996 0:00,0.12,VEN
10297,BLONP,4/09/1996 0:00,5.74,FRA
10298,HUNGO,5/09/1996 0:00,168.22,IRL
10299,RICAR,6/09/1996 0:00,29.76,BRA
10300,MAGAA,9/09/1996 0:00,17.68,ITA
10301,WANDK,9/09/1996 0:00,45.08,DEU
10302,SUPRD,10/09/1996 0:00,6.27,BEL
10303,GODOS,11/09/1996 0:00,107.83,ESP
10304,TORTU,12/09/1996 0:00,63.79,MEX
10305,OLDWO,13/09/1996 0:00,257.62,USA
10306,ROMEY,16/09/1996 0:00,7.56,ESP
10307,LONEP,17/09/1996 0:00,0.56,USA
10308,ANATR,18/09/1996 0:00,1.61,MEX
10309,HUNGO,19/09/1996 0:00,47.3,IRL
10310,THEBI,20/09/1996 0:00,17.52,USA
10311,DUMON,20/09/1996 0:00,24.69,FRA
10312,WANDK,23/09/1996 0:00,40.26,DEU
10313,QUICK,24/09/1996 0:00,1.96,DEU
10314,RATTC,25/09/1996 0:00,74.16,USA
10315,ISLAT,26/09/1996 0:00,41.76,GBR
10316,RATTC,27/09/1996 0:00,150.15,USA
10317,LONEP,30/09/1996 0:00,12.69,USA
10318,ISLAT,1/10/1996 0:00,4.73,GBR
10319,TORTU,2/10/1996 0:00,64.5,MEX
10320,WARTH,3/10/1996 0:00,34.57,FIN
10321,ISLAT,3/10/1996 0:00,3.43,GBR
10322,PERIC,4/10/1996 0:00,0.4,MEX
10323,KOENE,7/10/1996 0:00,4.88,DEU
10324,SAVEA,8/10/1996 0:00,214.27,USA
10325,KOENE,9/10/1996 0:00,64.86,DEU
10326,BOLID,10/10/1996 0:00,77.92,ESP
10327,FOLKO,11/10/1996 0:00,63.36,SWE
10328,FURIB,14/10/1996 0:00,87.03,PRT
10329,SPLIR,15/10/1996 0:00,191.67,USA
10330,LILAS,16/10/1996 0:00,12.75,VEN
10331,BONAP,16/10/1996 0:00,10.19,FRA
10332,MEREP,17/10/1996 0:00,52.84,CAN
10333,WARTH,18/10/1996 0:00,0.59,FIN
10334,VICTE,21/10/1996 0:00,8.56,FRA
10335,HUNGO,22/10/1996 0:00,42.11,IRL
10336,PRINI,23/10/1996 0:00,15.51,PRT
10337,FRANK,24/10/1996 0:00,108.26,DEU
10338,OLDWO,25/10/1996 0:00,84.21,USA
10339,MEREP,28/10/1996 0:00,15.66,CAN
10340,BONAP,29/10/1996 0:00,166.31,FRA
10341,SIMOB,29/10/1996 0:00,26.78,DNK
10342,FRANK,30/10/1996 0:00,54.83,DEU
10343,LEHMS,31/10/1996 0:00,110.37,DEU
10344,WHITC,1/11/1996 0:00,23.29,USA
10345,QUICK,4/11/1996 0:00,249.06,DEU
10346,RATTC,5/11/1996 0:00,142.08,USA
10347,FAMIA,6/11/1996 0:00,3.1,BRA
10348,WANDK,7/11/1996 0:00,0.78,DEU
10349,SPLIR,8/11/1996 0:00,8.63,USA
10350,LAMAI,11/11/1996 0:00,64.19,FRA
10351,ERNSH,11/11/1996 0:00,162.33,AUT
10352,FURIB,12/11/1996 0:00,1.3,PRT
10353,PICCO,13/11/1996 0:00,360.63,AUT
10354,PERIC,14/11/1996 0:00,53.8,MEX
10355,AROUT,15/11/1996 0:00,41.95,GBR
10356,WANDK,18/11/1996 0:00,36.71,DEU
10357,LILAS,19/11/1996 0:00,34.88,VEN
10358,LAMAI,20/11/1996 0:00,19.64,FRA
10359,SEVES,21/11/1996 0:00,288.43,GBR
10360,BLONP,22/11/1996 0:00,131.7,FRA
10361,QUICK,22/11/1996 0:00,183.17,DEU
10362,BONAP,25/11/1996 0:00,96.04,FRA
10363,DRACD,26/11/1996 0:00,30.54,DEU
10364,EASTC,26/11/1996 0:00,71.97,GBR
10365,ANTON,27/11/1996 0:00,22,MEX
10366,GALED,28/11/1996 0:00,10.14,ESP
10367,VAFFE,28/11/1996 0:00,13.55,DNK
10368,ERNSH,29/11/1996 0:00,101.95,AUT
10369,SPLIR,2/12/1996 0:00,195.68,USA
10370,CHOPS,3/12/1996 0:00,1.17,CHE
10371,LAMAI,3/12/1996 0:00,0.45,FRA
10372,QUEEN,4/12/1996 0:00,890.78,BRA
10373,HUNGO,5/12/1996 0:00,124.12,IRL
10374,WOLZA,5/12/1996 0:00,3.94,POL
10375,HUNGC,6/12/1996 0:00,20.12,USA
10376,MEREP,9/12/1996 0:00,20.39,CAN
10377,SEVES,9/12/1996 0:00,22.21,GBR
10378,FOLKO,10/12/1996 0:00,5.44,SWE
10379,QUEDE,11/12/1996 0:00,45.03,BRA
10380,HUNGO,12/12/1996 0:00,35.03,IRL
10381,LILAS,12/12/1996 0:00,7.99,VEN
10382,ERNSH,13/12/1996 0:00,94.77,AUT
10383,AROUT,16/12/1996 0:00,34.24,GBR
10384,BERGS,16/12/1996 0:00,168.64,SWE
10385,SPLIR,17/12/1996 0:00,30.96,USA
10386,FAMIA,18/12/1996 0:00,13.99,BRA
10387,SANTG,18/12/1996 0:00,93.63,NOR
10388,SEVES,19/12/1996 0:00,34.86,GBR
10389,BOTTM,20/12/1996 0:00,47.42,CAN
10390,ERNSH,23/12/1996 0:00,126.38,AUT
10391,DRACD,23/12/1996 0:00,5.45,DEU
10392,PICCO,24/12/1996 0:00,122.46,AUT
10393,SAVEA,25/12/1996 0:00,126.56,USA
10394,HUNGC,25/12/1996 0:00,30.34,USA
10395,HILAA,26/12/1996 0:00,184.41,VEN
10396,FRANK,27/12/1996 0:00,135.35,DEU
10397,PRINI,27/12/1996 0:00,60.26,PRT
10398,SAVEA,30/12/1996 0:00,89.16,USA
10399,VAFFE,31/12/1996 0:00,27.36,DNK
10400,EASTC,1/01/1997 0:00,83.93,GBR
10401,RATTC,1/01/1997 0:00,12.51,USA
10402,ERNSH,2/01/1997 0:00,67.88,AUT
10403,ERNSH,3/01/1997 0:00,73.79,AUT
10404,MAGAA,3/01/1997 0:00,155.97,ITA
10405,LINOD,6/01/1997 0:00,34.82,VEN
10406,QUEEN,7/01/1997 0:00,108.04,BRA
10407,OTTIK,7/01/1997 0:00,91.48,DEU
10408,FOLIG,8/01/1997 0:00,11.26,FRA
10409,OCEAN,9/01/1997 0:00,29.83,ARG
10410,BOTTM,10/01/1997 0:00,2.4,CAN
10411,BOTTM,10/01/1997 0:00,23.65,CAN
10412,WARTH,13/01/1997 0:00,3.77,FIN
10413,LAMAI,14/01/1997 0:00,95.66,FRA
10414,FAMIA,14/01/1997 0:00,21.48,BRA
10415,HUNGC,15/01/1997 0:00,0.2,USA
10416,WARTH,16/01/1997 0:00,22.72,FIN
10417,SIMOB,16/01/1997 0:00,70.29,DNK
10418,QUICK,17/01/1997 0:00,17.55,DEU
10419,RICSU,20/01/1997 0:00,137.35,CHE
10420,WELLI,21/01/1997 0:00,44.12,BRA
10421,QUEDE,21/01/1997 0:00,99.23,BRA
10422,FRANS,22/01/1997 0:00,3.02,ITA
10423,GOURL,23/01/1997 0:00,24.5,BRA
10424,MEREP,23/01/1997 0:00,370.61,CAN
10425,LAMAI,24/01/1997 0:00,7.93,FRA
10426,GALED,27/01/1997 0:00,18.69,ESP
10427,PICCO,27/01/1997 0:00,31.29,AUT
10428,REGGC,28/01/1997 0:00,11.09,ITA
10429,HUNGO,29/01/1997 0:00,56.63,IRL
10430,ERNSH,30/01/1997 0:00,458.78,AUT
10431,BOTTM,30/01/1997 0:00,44.17,CAN
10432,SPLIR,31/01/1997 0:00,4.34,USA
10433,PRINI,3/02/1997 0:00,73.83,PRT
10434,FOLKO,3/02/1997 0:00,17.92,SWE
10435,CONSH,4/02/1997 0:00,9.21,GBR
10436,BLONP,5/02/1997 0:00,156.66,FRA
10437,WARTH,5/02/1997 0:00,19.97,FIN
10438,TOMSP,6/02/1997 0:00,8.24,DEU
10439,MEREP,7/02/1997 0:00,4.07,CAN
10440,SAVEA,10/02/1997 0:00,86.53,USA
10441,OLDWO,10/02/1997 0:00,73.02,USA
10442,ERNSH,11/02/1997 0:00,47.94,AUT
10443,REGGC,12/02/1997 0:00,13.95,ITA
10444,BERGS,12/02/1997 0:00,3.5,SWE
10445,BERGS,13/02/1997 0:00,9.3,SWE
10446,TOMSP,14/02/1997 0:00,14.68,DEU
10447,RICAR,14/02/1997 0:00,68.66,BRA
10448,RANCH,17/02/1997 0:00,38.82,ARG
10449,BLONP,18/02/1997 0:00,53.3,FRA
10450,VICTE,19/02/1997 0:00,7.23,FRA
10451,QUICK,19/02/1997 0:00,189.09,DEU
10452,SAVEA,20/02/1997 0:00,140.26,USA
10453,AROUT,21/02/1997 0:00,25.36,GBR
10454,LAMAI,21/02/1997 0:00,2.74,FRA
10455,WARTH,24/02/1997 0:00,180.45,FIN
10456,KOENE,25/02/1997 0:00,8.12,DEU
10457,KOENE,25/02/1997 0:00,11.57,DEU
10458,SUPRD,26/02/1997 0:00,147.06,BEL
10459,VICTE,27/02/1997 0:00,25.09,FRA
10460,FOLKO,28/02/1997 0:00,16.27,SWE
10461,LILAS,28/02/1997 0:00,148.61,VEN
10462,CONSH,3/03/1997 0:00,6.17,GBR
10463,SUPRD,4/03/1997 0:00,14.78,BEL
10464,FURIB,4/03/1997 0:00,89,PRT
10465,VAFFE,5/03/1997 0:00,145.04,DNK
10466,COMMI,6/03/1997 0:00,11.93,BRA
10467,MAGAA,6/03/1997 0:00,4.93,ITA
10468,KOENE,7/03/1997 0:00,44.12,DEU
10469,WHITC,10/03/1997 0:00,60.18,USA
10470,BONAP,11/03/1997 0:00,64.56,FRA
10471,BSBEV,11/03/1997 0:00,45.59,GBR
10472,SEVES,12/03/1997 0:00,4.2,GBR
10473,ISLAT,13/03/1997 0:00,16.37,GBR
10474,PERIC,13/03/1997 0:00,83.49,MEX
10475,SUPRD,14/03/1997 0:00,68.52,BEL
10476,HILAA,17/03/1997 0:00,4.41,VEN
10477,PRINI,17/03/1997 0:00,13.02,PRT
10478,VICTE,18/03/1997 0:00,4.81,FRA
10479,RATTC,19/03/1997 0:00,708.95,USA
10480,FOLIG,20/03/1997 0:00,1.35,FRA
10481,RICAR,20/03/1997 0:00,64.33,BRA
10482,LAZYK,21/03/1997 0:00,7.48,USA
10483,WHITC,24/03/1997 0:00,15.28,USA
10484,BSBEV,24/03/1997 0:00,6.88,GBR
10485,LINOD,25/03/1997 0:00,64.45,VEN
10486,HILAA,26/03/1997 0:00,30.53,VEN
10487,QUEEN,26/03/1997 0:00,71.07,BRA
10488,FRANK,27/03/1997 0:00,4.93,DEU
10489,PICCO,28/03/1997 0:00,5.29,AUT
10490,HILAA,31/03/1997 0:00,210.19,VEN
10491,FURIB,31/03/1997 0:00,16.96,PRT
10492,BOTTM,1/04/1997 0:00,62.89,CAN
10493,LAMAI,2/04/1997 0:00,10.64,FRA
10494,COMMI,2/04/1997 0:00,65.99,BRA
10495,LAUGB,3/04/1997 0:00,4.65,CAN
10496,TRADH,4/04/1997 0:00,46.77,BRA
10497,LEHMS,4/04/1997 0:00,36.21,DEU
10498,HILAA,7/04/1997 0:00,29.75,VEN
10499,LILAS,8/04/1997 0:00,102.02,VEN
10500,LAMAI,9/04/1997 0:00,42.68,FRA
10501,BLAUS,9/04/1997 0:00,8.85,DEU
10502,PERIC,10/04/1997 0:00,69.32,MEX
10503,HUNGO,11/04/1997 0:00,16.74,IRL
10504,WHITC,11/04/1997 0:00,59.13,USA
10505,MEREP,14/04/1997 0:00,7.13,CAN
10506,KOENE,15/04/1997 0:00,21.19,DEU
10507,ANTON,15/04/1997 0:00,47.45,MEX
10508,OTTIK,16/04/1997 0:00,4.99,DEU
10509,BLAUS,17/04/1997 0:00,0.15,DEU
10510,SAVEA,18/04/1997 0:00,367.63,USA
10511,BONAP,18/04/1997 0:00,350.64,FRA
10512,FAMIA,21/04/1997 0:00,3.53,BRA
10513,WANDK,22/04/1997 0:00,105.65,DEU
10514,ERNSH,22/04/1997 0:00,789.95,AUT
10515,QUICK,23/04/1997 0:00,204.47,DEU
10516,HUNGO,24/04/1997 0:00,62.78,IRL
10517,NORTS,24/04/1997 0:00,32.07,GBR
10518,TORTU,25/04/1997 0:00,218.15,MEX
10519,CHOPS,28/04/1997 0:00,91.76,CHE
10520,SANTG,29/04/1997 0:00,13.37,NOR
10521,CACTU,29/04/1997 0:00,17.22,ARG
10522,LEHMS,30/04/1997 0:00,45.33,DEU
10523,SEVES,1/05/1997 0:00,77.63,GBR
10524,BERGS,1/05/1997 0:00,244.79,SWE
10525,BONAP,2/05/1997 0:00,11.06,FRA
10526,WARTH,5/05/1997 0:00,58.59,FIN
10527,QUICK,5/05/1997 0:00,41.9,DEU
10528,GREAL,6/05/1997 0:00,3.35,USA
10529,MAISD,7/05/1997 0:00,66.69,BEL
10530,PICCO,8/05/1997 0:00,339.22,AUT
10531,OCEAN,8/05/1997 0:00,8.12,ARG
10532,EASTC,9/05/1997 0:00,74.46,GBR
10533,FOLKO,12/05/1997 0:00,188.04,SWE
10534,LEHMS,12/05/1997 0:00,27.94,DEU
10535,ANTON,13/05/1997 0:00,15.64,MEX
10536,LEHMS,14/05/1997 0:00,58.88,DEU
10537,RICSU,14/05/1997 0:00,78.85,CHE
10538,BSBEV,15/05/1997 0:00,4.87,GBR
10539,BSBEV,16/05/1997 0:00,12.36,GBR
10540,QUICK,19/05/1997 0:00,1007.64,DEU
10541,HANAR,19/05/1997 0:00,68.65,BRA
10542,KOENE,20/05/1997 0:00,10.95,DEU
10543,LILAS,21/05/1997 0:00,48.17,VEN
10544,LONEP,21/05/1997 0:00,24.91,USA
10545,LAZYK,22/05/1997 0:00,11.92,USA
10546,VICTE,23/05/1997 0:00,194.72,FRA
10547,SEVES,23/05/1997 0:00,178.43,GBR
10548,TOMSP,26/05/1997 0:00,1.43,DEU
10549,QUICK,27/05/1997 0:00,171.24,DEU
10550,GODOS,28/05/1997 0:00,4.32,ESP
10551,FURIB,28/05/1997 0:00,72.95,PRT
10552,HILAA,29/05/1997 0:00,83.22,VEN
10553,WARTH,30/05/1997 0:00,149.49,FIN
10554,OTTIK,30/05/1997 0:00,120.97,DEU
10555,SAVEA,2/06/1997 0:00,252.49,USA
10556,SIMOB,3/06/1997 0:00,9.8,DNK
10557,LEHMS,3/06/1997 0:00,96.72,DEU
10558,AROUT,4/06/1997 0:00,72.97,GBR
10559,BLONP,5/06/1997 0:00,8.05,FRA
10560,FRANK,6/06/1997 0:00,36.65,DEU
10561,FOLKO,6/06/1997 0:00,242.21,SWE
10562,REGGC,9/06/1997 0:00,22.95,ITA
10563,RICAR,10/06/1997 0:00,60.43,BRA
10564,RATTC,10/06/1997 0:00,13.75,USA
10565,MEREP,11/06/1997 0:00,7.15,CAN
10566,BLONP,12/06/1997 0:00,88.4,FRA
10567,HUNGO,12/06/1997 0:00,33.97,IRL
10568,GALED,13/06/1997 0:00,6.54,ESP
10569,RATTC,16/06/1997 0:00,58.98,USA
10570,MEREP,17/06/1997 0:00,188.99,CAN
10571,ERNSH,17/06/1997 0:00,26.06,AUT
10572,BERGS,18/06/1997 0:00,116.43,SWE
10573,ANTON,19/06/1997 0:00,84.84,MEX
10574,TRAIH,19/06/1997 0:00,37.6,USA
10575,MORGK,20/06/1997 0:00,127.34,DEU
10576,TORTU,23/06/1997 0:00,18.56,MEX
10577,TRAIH,23/06/1997 0:00,25.41,USA
10578,BSBEV,24/06/1997 0:00,29.6,GBR
10579,LETSS,25/06/1997 0:00,13.73,USA
10580,OTTIK,26/06/1997 0:00,75.89,DEU
10581,FAMIA,26/06/1997 0:00,3.01,BRA
10582,BLAUS,27/06/1997 0:00,27.71,DEU
10583,WARTH,30/06/1997 0:00,7.28,FIN
10584,BLONP,30/06/1997 0:00,59.14,FRA
10585,WELLI,1/07/1997 0:00,13.41,BRA
10586,REGGC,2/07/1997 0:00,0.48,ITA
10587,QUEDE,2/07/1997 0:00,62.52,BRA
10588,QUICK,3/07/1997 0:00,194.67,DEU
10589,GREAL,4/07/1997 0:00,4.42,USA
10590,MEREP,7/07/1997 0:00,44.77,CAN
10591,VAFFE,7/07/1997 0:00,55.92,DNK
10592,LEHMS,8/07/1997 0:00,32.1,DEU
10593,LEHMS,9/07/1997 0:00,174.2,DEU
10594,OLDWO,9/07/1997 0:00,5.24,USA
10595,ERNSH,10/07/1997 0:00,96.78,AUT
10596,WHITC,11/07/1997 0:00,16.34,USA
10597,PICCO,11/07/1997 0:00,35.12,AUT
10598,RATTC,14/07/1997 0:00,44.42,USA
10599,BSBEV,15/07/1997 0:00,29.98,GBR
10600,HUNGC,16/07/1997 0:00,45.13,USA
10601,HILAA,16/07/1997 0:00,58.3,VEN
10602,VAFFE,17/07/1997 0:00,2.92,DNK
10603,SAVEA,18/07/1997 0:00,48.77,USA
10604,FURIB,18/07/1997 0:00,7.46,PRT
10605,MEREP,21/07/1997 0:00,379.13,CAN
10606,TRADH,22/07/1997 0:00,79.4,BRA
10607,SAVEA,22/07/1997 0:00,200.24,USA
10608,TOMSP,23/07/1997 0:00,27.79,DEU
10609,DUMON,24/07/1997 0:00,1.85,FRA
10610,LAMAI,25/07/1997 0:00,26.78,FRA
10611,WOLZA,25/07/1997 0:00,80.65,POL
10612,SAVEA,28/07/1997 0:00,544.08,USA
10613,HILAA,29/07/1997 0:00,8.11,VEN
10614,BLAUS,29/07/1997 0:00,1.93,DEU
10615,WILMK,30/07/1997 0:00,0.75,FIN
10616,GREAL,31/07/1997 0:00,116.53,USA
10617,GREAL,31/07/1997 0:00,18.53,USA
10618,MEREP,1/08/1997 0:00,154.68,CAN
10619,MEREP,4/08/1997 0:00,91.05,CAN
10620,LAUGB,5/08/1997 0:00,0.94,CAN
10621,ISLAT,5/08/1997 0:00,23.73,GBR
10622,RICAR,6/08/1997 0:00,50.97,BRA
10623,FRANK,7/08/1997 0:00,97.18,DEU
10624,THECR,7/08/1997 0:00,94.8,USA
10625,ANATR,8/08/1997 0:00,43.9,MEX
10626,BERGS,11/08/1997 0:00,138.69,SWE
10627,SAVEA,11/08/1997 0:00,107.46,USA
10628,BLONP,12/08/1997 0:00,30.36,FRA
10629,GODOS,12/08/1997 0:00,85.46,ESP
10630,KOENE,13/08/1997 0:00,32.35,DEU
10631,LAMAI,14/08/1997 0:00,0.87,FRA
10632,WANDK,14/08/1997 0:00,41.38,DEU
10633,ERNSH,15/08/1997 0:00,477.9,AUT
10634,FOLIG,15/08/1997 0:00,487.38,FRA
10635,MAGAA,18/08/1997 0:00,47.46,ITA
10636,WARTH,19/08/1997 0:00,1.15,FIN
10637,QUEEN,19/08/1997 0:00,201.29,BRA
10638,LINOD,20/08/1997 0:00,158.44,VEN
10639,SANTG,20/08/1997 0:00,38.64,NOR
10640,WANDK,21/08/1997 0:00,23.55,DEU
10641,HILAA,22/08/1997 0:00,179.61,VEN
10642,SIMOB,22/08/1997 0:00,41.89,DNK
10643,ALFKI,25/08/1997 0:00,29.46,DEU
10644,WELLI,25/08/1997 0:00,0.14,BRA
10645,HANAR,26/08/1997 0:00,12.41,BRA
10646,HUNGO,27/08/1997 0:00,142.33,IRL
10647,QUEDE,27/08/1997 0:00,45.54,BRA
10648,RICAR,28/08/1997 0:00,14.25,BRA
10649,MAISD,28/08/1997 0:00,6.2,BEL
10650,FAMIA,29/08/1997 0:00,176.81,BRA
10651,WANDK,1/09/1997 0:00,20.6,DEU
10652,GOURL,1/09/1997 0:00,7.14,BRA
10653,FRANK,2/09/1997 0:00,93.25,DEU
10654,BERGS,2/09/1997 0:00,55.26,SWE
10655,REGGC,3/09/1997 0:00,4.41,ITA
10656,GREAL,4/09/1997 0:00,57.15,USA
10657,SAVEA,4/09/1997 0:00,352.69,USA
10658,QUICK,5/09/1997 0:00,364.15,DEU
10659,QUEEN,5/09/1997 0:00,105.81,BRA
10660,HUNGC,8/09/1997 0:00,111.29,USA
10661,HUNGO,9/09/1997 0:00,17.55,IRL
10662,LONEP,9/09/1997 0:00,1.28,USA
10663,BONAP,10/09/1997 0:00,113.15,FRA
10664,FURIB,10/09/1997 0:00,1.27,PRT
10665,LONEP,11/09/1997 0:00,26.31,USA
10666,RICSU,12/09/1997 0:00,232.42,CHE
10667,ERNSH,12/09/1997 0:00,78.09,AUT
10668,WANDK,15/09/1997 0:00,47.22,DEU
10669,SIMOB,15/09/1997 0:00,24.39,DNK
10670,FRANK,16/09/1997 0:00,203.48,DEU
10671,FRANR,17/09/1997 0:00,30.34,FRA
10672,BERGS,17/09/1997 0:00,95.75,SWE
10673,WILMK,18/09/1997 0:00,22.76,FIN
10674,ISLAT,18/09/1997 0:00,0.9,GBR
10675,FRANK,19/09/1997 0:00,31.85,DEU
10676,TORTU,22/09/1997 0:00,2.01,MEX
10677,ANTON,22/09/1997 0:00,4.03,MEX
10678,SAVEA,23/09/1997 0:00,388.98,USA
10679,BLONP,23/09/1997 0:00,27.94,FRA
10680,OLDWO,24/09/1997 0:00,26.61,USA
10681,GREAL,25/09/1997 0:00,76.13,USA
10682,ANTON,25/09/1997 0:00,36.13,MEX
10683,DUMON,26/09/1997 0:00,4.4,FRA
10684,OTTIK,26/09/1997 0:00,145.63,DEU
10685,GOURL,29/09/1997 0:00,33.75,BRA
10686,PICCO,30/09/1997 0:00,96.5,AUT
10687,HUNGO,30/09/1997 0:00,296.43,IRL
10688,VAFFE,1/10/1997 0:00,299.09,DNK
10689,BERGS,1/10/1997 0:00,13.42,SWE
10690,HANAR,2/10/1997 0:00,15.8,BRA
10691,QUICK,3/10/1997 0:00,810.05,DEU
10692,ALFKI,3/10/1997 0:00,61.02,DEU
10693,WHITC,6/10/1997 0:00,139.34,USA
10694,QUICK,6/10/1997 0:00,398.36,DEU
10695,WILMK,7/10/1997 0:00,16.72,FIN
10696,WHITC,8/10/1997 0:00,102.55,USA
10697,LINOD,8/10/1997 0:00,45.52,VEN
10698,ERNSH,9/10/1997 0:00,272.47,AUT
10699,MORGK,9/10/1997 0:00,0.58,DEU
10700,SAVEA,10/10/1997 0:00,65.1,USA
10701,HUNGO,13/10/1997 0:00,220.31,IRL
10702,ALFKI,13/10/1997 0:00,23.94,DEU
10703,FOLKO,14/10/1997 0:00,152.3,SWE
10704,QUEEN,14/10/1997 0:00,4.78,BRA
10705,HILAA,15/10/1997 0:00,3.52,VEN
10706,OLDWO,16/10/1997 0:00,135.63,USA
10707,AROUT,16/10/1997 0:00,21.74,GBR
10708,THEBI,17/10/1997 0:00,2.96,USA
10709,GOURL,17/10/1997 0:00,210.8,BRA
10710,FRANS,20/10/1997 0:00,4.98,ITA
10711,SAVEA,21/10/1997 0:00,52.41,USA
10712,HUNGO,21/10/1997 0:00,89.93,IRL
10713,SAVEA,22/10/1997 0:00,167.05,USA
10714,SAVEA,22/10/1997 0:00,24.49,USA
10715,BONAP,23/10/1997 0:00,63.2,FRA
10716,RANCH,24/10/1997 0:00,22.57,ARG
10717,FRANK,24/10/1997 0:00,59.25,DEU
10718,KOENE,27/10/1997 0:00,170.88,DEU
10719,LETSS,27/10/1997 0:00,51.44,USA
10720,QUEDE,28/10/1997 0:00,9.53,BRA
10721,QUICK,29/10/1997 0:00,48.92,DEU
10722,SAVEA,29/10/1997 0:00,74.58,USA
10723,WHITC,30/10/1997 0:00,21.72,USA
10724,MEREP,30/10/1997 0:00,57.75,CAN
10725,FAMIA,31/10/1997 0:00,10.83,BRA
10726,EASTC,3/11/1997 0:00,16.56,GBR
10727,REGGC,3/11/1997 0:00,89.9,ITA
10728,QUEEN,4/11/1997 0:00,58.33,BRA
10729,LINOD,4/11/1997 0:00,141.06,VEN
10730,BONAP,5/11/1997 0:00,20.12,FRA
10731,CHOPS,6/11/1997 0:00,96.65,CHE
10732,BONAP,6/11/1997 0:00,16.97,FRA
10733,BERGS,7/11/1997 0:00,110.11,SWE
10734,GOURL,7/11/1997 0:00,1.63,BRA
10735,LETSS,10/11/1997 0:00,45.97,USA
10736,HUNGO,11/11/1997 0:00,44.1,IRL
10737,VINET,11/11/1997 0:00,7.79,FRA
10738,SPECD,12/11/1997 0:00,2.91,FRA
10739,VINET,12/11/1997 0:00,11.08,FRA
10740,WHITC,13/11/1997 0:00,81.88,USA
10741,AROUT,14/11/1997 0:00,10.96,GBR
10742,BOTTM,14/11/1997 0:00,243.73,CAN
10743,AROUT,17/11/1997 0:00,23.72,GBR
10744,VAFFE,17/11/1997 0:00,69.19,DNK
10745,QUICK,18/11/1997 0:00,3.52,DEU
10746,CHOPS,19/11/1997 0:00,31.43,CHE
10747,PICCO,19/11/1997 0:00,117.33,AUT
10748,SAVEA,20/11/1997 0:00,232.55,USA
10749,ISLAT,20/11/1997 0:00,61.53,GBR
10750,WARTH,21/11/1997 0:00,79.3,FIN
10751,RICSU,24/11/1997 0:00,130.79,CHE
10752,NORTS,24/11/1997 0:00,1.39,GBR
10753,FRANS,25/11/1997 0:00,7.7,ITA
10754,MAGAA,25/11/1997 0:00,2.38,ITA
10755,BONAP,26/11/1997 0:00,16.71,FRA
10756,SPLIR,27/11/1997 0:00,73.21,USA
10757,SAVEA,27/11/1997 0:00,8.19,USA
10758,RICSU,28/11/1997 0:00,138.17,CHE
10759,ANATR,28/11/1997 0:00,11.99,MEX
10760,MAISD,1/12/1997 0:00,155.64,BEL
10761,RATTC,2/12/1997 0:00,18.66,USA
10762,FOLKO,2/12/1997 0:00,328.74,SWE
10763,FOLIG,3/12/1997 0:00,37.35,FRA
10764,ERNSH,3/12/1997 0:00,145.45,AUT
10765,QUICK,4/12/1997 0:00,42.74,DEU
10766,OTTIK,5/12/1997 0:00,157.55,DEU
10767,SUPRD,5/12/1997 0:00,1.59,BEL
10768,AROUT,8/12/1997 0:00,146.32,GBR
10769,VAFFE,8/12/1997 0:00,65.06,DNK
10770,HANAR,9/12/1997 0:00,5.32,BRA
10771,ERNSH,10/12/1997 0:00,11.19,AUT
10772,LEHMS,10/12/1997 0:00,91.28,DEU
10773,ERNSH,11/12/1997 0:00,96.43,AUT
10774,FOLKO,11/12/1997 0:00,48.2,SWE
10775,THECR,12/12/1997 0:00,20.25,USA
10776,ERNSH,15/12/1997 0:00,351.53,AUT
10777,GOURL,15/12/1997 0:00,3.01,BRA
10778,BERGS,16/12/1997 0:00,6.79,SWE
10779,MORGK,16/12/1997 0:00,58.13,DEU
10780,LILAS,16/12/1997 0:00,42.13,VEN
10781,WARTH,17/12/1997 0:00,73.16,FIN
10782,CACTU,17/12/1997 0:00,1.1,ARG
10783,HANAR,18/12/1997 0:00,124.98,BRA
10784,MAGAA,18/12/1997 0:00,70.09,ITA
10785,GROSR,18/12/1997 0:00,1.51,VEN
10786,QUEEN,19/12/1997 0:00,110.87,BRA
10787,LAMAI,19/12/1997 0:00,249.93,FRA
10788,QUICK,22/12/1997 0:00,42.7,DEU
10789,FOLIG,22/12/1997 0:00,100.6,FRA
10790,GOURL,22/12/1997 0:00,28.23,BRA
10791,FRANK,23/12/1997 0:00,16.85,DEU
10792,WOLZA,23/12/1997 0:00,23.79,POL
10793,AROUT,24/12/1997 0:00,4.52,GBR
10794,QUEDE,24/12/1997 0:00,21.49,BRA
10795,ERNSH,24/12/1997 0:00,126.66,AUT
10796,HILAA,25/12/1997 0:00,26.52,VEN
10797,DRACD,25/12/1997 0:00,33.35,DEU
10798,ISLAT,26/12/1997 0:00,2.33,GBR
10799,KOENE,26/12/1997 0:00,30.76,DEU
10800,SEVES,26/12/1997 0:00,137.44,GBR
10801,BOLID,29/12/1997 0:00,97.09,ESP
10802,SIMOB,29/12/1997 0:00,257.26,DNK
10803,WELLI,30/12/1997 0:00,55.23,BRA
10804,SEVES,30/12/1997 0:00,27.33,GBR
10805,THEBI,30/12/1997 0:00,237.34,USA
10806,VICTE,31/12/1997 0:00,22.11,FRA
10807,FRANS,31/12/1997 0:00,1.36,ITA
10808,OLDWO,1/01/1998 0:00,45.53,USA
10809,WELLI,1/01/1998 0:00,4.87,BRA
10810,LAUGB,1/01/1998 0:00,4.33,CAN
10811,LINOD,2/01/1998 0:00,31.22,VEN
10812,REGGC,2/01/1998 0:00,59.78,ITA
10813,RICAR,5/01/1998 0:00,47.38,BRA
10814,VICTE,5/01/1998 0:00,130.94,FRA
10815,SAVEA,5/01/1998 0:00,14.62,USA
10816,GREAL,6/01/1998 0:00,719.78,USA
10817,KOENE,6/01/1998 0:00,306.07,DEU
10818,MAGAA,7/01/1998 0:00,65.48,ITA
10819,CACTU,7/01/1998 0:00,19.76,ARG
10820,RATTC,7/01/1998 0:00,37.52,USA
10821,SPLIR,8/01/1998 0:00,36.68,USA
10822,TRAIH,8/01/1998 0:00,7,USA
10823,LILAS,9/01/1998 0:00,163.97,VEN
10824,FOLKO,9/01/1998 0:00,1.23,SWE
10825,DRACD,9/01/1998 0:00,79.25,DEU
10826,BLONP,12/01/1998 0:00,7.09,FRA
10827,BONAP,12/01/1998 0:00,63.54,FRA
10828,RANCH,13/01/1998 0:00,90.85,ARG
10829,ISLAT,13/01/1998 0:00,154.72,GBR
10830,TRADH,13/01/1998 0:00,81.83,BRA
10831,SANTG,14/01/1998 0:00,72.19,NOR
10832,LAMAI,14/01/1998 0:00,43.26,FRA
10833,OTTIK,15/01/1998 0:00,71.49,DEU
10834,TRADH,15/01/1998 0:00,29.78,BRA
10835,ALFKI,15/01/1998 0:00,69.53,DEU
10836,ERNSH,16/01/1998 0:00,411.88,AUT
10837,BERGS,16/01/1998 0:00,13.32,SWE
10838,LINOD,19/01/1998 0:00,59.28,VEN
10839,TRADH,19/01/1998 0:00,35.43,BRA
10840,LINOD,19/01/1998 0:00,2.71,VEN
10841,SUPRD,20/01/1998 0:00,424.3,BEL
10842,TORTU,20/01/1998 0:00,54.42,MEX
10843,VICTE,21/01/1998 0:00,9.26,FRA
10844,PICCO,21/01/1998 0:00,25.22,AUT
10845,QUICK,21/01/1998 0:00,212.98,DEU
10846,SUPRD,22/01/1998 0:00,56.46,BEL
10847,SAVEA,22/01/1998 0:00,487.57,USA
10848,CONSH,23/01/1998 0:00,38.24,GBR
10849,KOENE,23/01/1998 0:00,0.56,DEU
10850,VICTE,23/01/1998 0:00,49.19,FRA
10851,RICAR,26/01/1998 0:00,160.55,BRA
10852,RATTC,26/01/1998 0:00,174.05,USA
10853,BLAUS,27/01/1998 0:00,53.83,DEU
10854,ERNSH,27/01/1998 0:00,100.22,AUT
10855,OLDWO,27/01/1998 0:00,170.97,USA
10856,ANTON,28/01/1998 0:00,58.43,MEX
10857,BERGS,28/01/1998 0:00,188.85,SWE
10858,LACOR,29/01/1998 0:00,52.51,FRA
10859,FRANK,29/01/1998 0:00,76.1,DEU
10860,FRANR,29/01/1998 0:00,19.26,FRA
10861,WHITC,30/01/1998 0:00,14.93,USA
10862,LEHMS,30/01/1998 0:00,53.23,DEU
10863,HILAA,2/02/1998 0:00,30.26,VEN
10864,AROUT,2/02/1998 0:00,3.04,GBR
10865,QUICK,2/02/1998 0:00,348.14,DEU
10866,BERGS,3/02/1998 0:00,109.11,SWE
10867,LONEP,3/02/1998 0:00,1.93,USA
10868,QUEEN,4/02/1998 0:00,191.27,BRA
10869,SEVES,4/02/1998 0:00,143.28,GBR
10870,WOLZA,4/02/1998 0:00,12.04,POL
10871,BONAP,5/02/1998 0:00,112.27,FRA
10872,GODOS,5/02/1998 0:00,175.32,ESP
10873,WILMK,6/02/1998 0:00,0.82,FIN
10874,GODOS,6/02/1998 0:00,19.58,ESP
10875,BERGS,6/02/1998 0:00,32.37,SWE
10876,BONAP,9/02/1998 0:00,60.42,FRA
10877,RICAR,9/02/1998 0:00,38.06,BRA
10878,QUICK,10/02/1998 0:00,46.69,DEU
10879,WILMK,10/02/1998 0:00,8.5,FIN
10880,FOLKO,10/02/1998 0:00,88.01,SWE
10881,CACTU,11/02/1998 0:00,2.84,ARG
10882,SAVEA,11/02/1998 0:00,23.1,USA
10883,LONEP,12/02/1998 0:00,0.53,USA
10884,LETSS,12/02/1998 0:00,90.97,USA
10885,SUPRD,12/02/1998 0:00,5.64,BEL
10886,HANAR,13/02/1998 0:00,4.99,BRA
10887,GALED,13/02/1998 0:00,1.25,ESP
10888,GODOS,16/02/1998 0:00,51.87,ESP
10889,RATTC,16/02/1998 0:00,280.61,USA
10890,DUMON,16/02/1998 0:00,32.76,FRA
10891,LEHMS,17/02/1998 0:00,20.37,DEU
10892,MAISD,17/02/1998 0:00,120.27,BEL
10893,KOENE,18/02/1998 0:00,77.78,DEU
10894,SAVEA,18/02/1998 0:00,116.13,USA
10895,ERNSH,18/02/1998 0:00,162.75,AUT
10896,MAISD,19/02/1998 0:00,32.45,BEL
10897,HUNGO,19/02/1998 0:00,603.54,IRL
10898,OCEAN,20/02/1998 0:00,1.27,ARG
10899,LILAS,20/02/1998 0:00,1.21,VEN
10900,WELLI,20/02/1998 0:00,1.66,BRA
10901,HILAA,23/02/1998 0:00,62.09,VEN
10902,FOLKO,23/02/1998 0:00,44.15,SWE
10903,HANAR,24/02/1998 0:00,36.71,BRA
10904,WHITC,24/02/1998 0:00,162.95,USA
10905,WELLI,24/02/1998 0:00,13.72,BRA
10906,WOLZA,25/02/1998 0:00,26.29,POL
10907,SPECD,25/02/1998 0:00,9.19,FRA
10908,REGGC,26/02/1998 0:00,32.96,ITA
10909,SANTG,26/02/1998 0:00,53.05,NOR
10910,WILMK,26/02/1998 0:00,38.11,FIN
10911,GODOS,26/02/1998 0:00,38.19,ESP
10912,HUNGO,26/02/1998 0:00,580.91,IRL
10913,QUEEN,26/02/1998 0:00,33.05,BRA
10914,QUEEN,27/02/1998 0:00,21.19,BRA
10915,TORTU,27/02/1998 0:00,3.51,MEX
10916,RANCH,27/02/1998 0:00,63.77,ARG
10917,ROMEY,2/03/1998 0:00,8.29,ESP
10918,BOTTM,2/03/1998 0:00,48.83,CAN
10919,LINOD,2/03/1998 0:00,19.8,VEN
10920,AROUT,3/03/1998 0:00,29.61,GBR
10921,VAFFE,3/03/1998 0:00,176.48,DNK
10922,HANAR,3/03/1998 0:00,62.74,BRA
10923,LAMAI,3/03/1998 0:00,68.26,FRA
10924,BERGS,4/03/1998 0:00,151.52,SWE
10925,HANAR,4/03/1998 0:00,2.27,BRA
10926,ANATR,4/03/1998 0:00,39.92,MEX
10927,LACOR,5/03/1998 0:00,19.79,FRA
10928,GALED,5/03/1998 0:00,1.36,ESP
10929,FRANK,5/03/1998 0:00,33.93,DEU
10930,SUPRD,6/03/1998 0:00,15.55,BEL
10931,RICSU,6/03/1998 0:00,13.6,CHE
10932,BONAP,6/03/1998 0:00,134.64,FRA
10933,ISLAT,6/03/1998 0:00,54.15,GBR
10934,LEHMS,9/03/1998 0:00,32.01,DEU
10935,WELLI,9/03/1998 0:00,47.59,BRA
10936,GREAL,9/03/1998 0:00,33.68,USA
10937,CACTU,10/03/1998 0:00,31.51,ARG
10938,QUICK,10/03/1998 0:00,31.89,DEU
10939,MAGAA,10/03/1998 0:00,76.33,ITA
10940,BONAP,11/03/1998 0:00,19.77,FRA
10941,SAVEA,11/03/1998 0:00,400.81,USA
10942,REGGC,11/03/1998 0:00,17.95,ITA
10943,BSBEV,11/03/1998 0:00,2.17,GBR
10944,BOTTM,12/03/1998 0:00,52.92,CAN
10945,MORGK,12/03/1998 0:00,10.22,DEU
10946,VAFFE,12/03/1998 0:00,27.2,DNK
10947,BSBEV,13/03/1998 0:00,3.26,GBR
10948,GODOS,13/03/1998 0:00,23.39,ESP
10949,BOTTM,13/03/1998 0:00,74.44,CAN
10950,MAGAA,16/03/1998 0:00,2.5,ITA
10951,RICSU,16/03/1998 0:00,30.85,CHE
10952,ALFKI,16/03/1998 0:00,40.42,DEU
10953,AROUT,16/03/1998 0:00,23.72,GBR
10954,LINOD,17/03/1998 0:00,27.91,VEN
10955,FOLKO,17/03/1998 0:00,3.26,SWE
10956,BLAUS,17/03/1998 0:00,44.65,DEU
10957,HILAA,18/03/1998 0:00,105.36,VEN
10958,OCEAN,18/03/1998 0:00,49.56,ARG
10959,GOURL,18/03/1998 0:00,4.98,BRA
10960,HILAA,19/03/1998 0:00,2.08,VEN
10961,QUEEN,19/03/1998 0:00,104.47,BRA
10962,QUICK,19/03/1998 0:00,275.79,DEU
10963,FURIB,19/03/1998 0:00,2.7,PRT
10964,SPECD,20/03/1998 0:00,87.38,FRA
10965,OLDWO,20/03/1998 0:00,144.38,USA
10966,CHOPS,20/03/1998 0:00,27.19,CHE
10967,TOMSP,23/03/1998 0:00,62.22,DEU
10968,ERNSH,23/03/1998 0:00,74.6,AUT
10969,COMMI,23/03/1998 0:00,0.21,BRA
10970,BOLID,24/03/1998 0:00,16.16,ESP
10971,FRANR,24/03/1998 0:00,121.82,FRA
10972,LACOR,24/03/1998 0:00,0.02,FRA
10973,LACOR,24/03/1998 0:00,15.17,FRA
10974,SPLIR,25/03/1998 0:00,12.96,USA
10975,BOTTM,25/03/1998 0:00,32.27,CAN
10976,HILAA,25/03/1998 0:00,37.97,VEN
10977,FOLKO,26/03/1998 0:00,208.5,SWE
10978,MAISD,26/03/1998 0:00,32.82,BEL
10979,ERNSH,26/03/1998 0:00,353.07,AUT
10980,FOLKO,27/03/1998 0:00,1.26,SWE
10981,HANAR,27/03/1998 0:00,193.37,BRA
10982,BOTTM,27/03/1998 0:00,14.01,CAN
10983,SAVEA,27/03/1998 0:00,657.54,USA
10984,SAVEA,30/03/1998 0:00,211.22,USA
10985,HUNGO,30/03/1998 0:00,91.51,IRL
10986,OCEAN,30/03/1998 0:00,217.86,ARG
10987,EASTC,31/03/1998 0:00,185.48,GBR
10988,RATTC,31/03/1998 0:00,61.14,USA
10989,QUEDE,31/03/1998 0:00,34.76,BRA
10990,ERNSH,1/04/1998 0:00,117.61,AUT
10991,QUICK,1/04/1998 0:00,38.51,DEU
10992,THEBI,1/04/1998 0:00,4.27,USA
10993,FOLKO,1/04/1998 0:00,8.81,SWE
10994,VAFFE,2/04/1998 0:00,65.53,DNK
10995,PERIC,2/04/1998 0:00,46,MEX
10996,QUICK,2/04/1998 0:00,1.12,DEU
10997,LILAS,3/04/1998 0:00,73.91,VEN
10998,WOLZA,3/04/1998 0:00,20.31,POL
10999,OTTIK,3/04/1998 0:00,96.35,DEU
11000,RATTC,6/04/1998 0:00,55.12,USA
11001,FOLKO,6/04/1998 0:00,197.3,SWE
11002,SAVEA,6/04/1998 0:00,141.16,USA
11003,THECR,6/04/1998 0:00,14.91,USA
11004,MAISD,7/04/1998 0:00,44.84,BEL
11005,WILMK,7/04/1998 0:00,0.75,FIN
11006,GREAL,7/04/1998 0:00,25.19,USA
11007,PRINI,8/04/1998 0:00,202.24,PRT
11008,ERNSH,8/04/1998 0:00,79.46,AUT
11009,GODOS,8/04/1998 0:00,59.11,ESP
11010,REGGC,9/04/1998 0:00,28.71,ITA
11011,ALFKI,9/04/1998 0:00,1.21,DEU
11012,FRANK,9/04/1998 0:00,242.95,DEU
11013,ROMEY,9/04/1998 0:00,32.99,ESP
11014,LINOD,10/04/1998 0:00,23.6,VEN
11015,SANTG,10/04/1998 0:00,4.62,NOR
11016,AROUT,10/04/1998 0:00,33.8,GBR
11017,ERNSH,13/04/1998 0:00,754.26,AUT
11018,LONEP,13/04/1998 0:00,11.65,USA
11019,RANCH,13/04/1998 0:00,3.17,ARG
11020,OTTIK,14/04/1998 0:00,43.3,DEU
11021,QUICK,14/04/1998 0:00,297.18,DEU
11022,HANAR,14/04/1998 0:00,6.27,BRA
11023,BSBEV,14/04/1998 0:00,123.83,GBR
11024,EASTC,15/04/1998 0:00,74.36,GBR
11025,WARTH,15/04/1998 0:00,29.17,FIN
11026,FRANS,15/04/1998 0:00,47.09,ITA
11027,BOTTM,16/04/1998 0:00,52.52,CAN
11028,KOENE,16/04/1998 0:00,29.59,DEU
11029,CHOPS,16/04/1998 0:00,47.84,CHE
11030,SAVEA,17/04/1998 0:00,830.75,USA
11031,SAVEA,17/04/1998 0:00,227.22,USA
11032,WHITC,17/04/1998 0:00,606.19,USA
11033,RICSU,17/04/1998 0:00,84.74,CHE
11034,OLDWO,20/04/1998 0:00,40.32,USA
11035,SUPRD,20/04/1998 0:00,0.17,BEL
11036,DRACD,20/04/1998 0:00,149.47,DEU
11037,GODOS,21/04/1998 0:00,3.2,ESP
11038,SUPRD,21/04/1998 0:00,29.59,BEL
11039,LINOD,21/04/1998 0:00,65,VEN
11040,GREAL,22/04/1998 0:00,18.84,USA
11041,CHOPS,22/04/1998 0:00,48.22,CHE
11042,COMMI,22/04/1998 0:00,29.99,BRA
11043,SPECD,22/04/1998 0:00,8.8,FRA
11044,WOLZA,23/04/1998 0:00,8.72,POL
11045,BOTTM,23/04/1998 0:00,70.58,CAN
11046,WANDK,23/04/1998 0:00,71.64,DEU
11047,EASTC,24/04/1998 0:00,46.62,GBR
11048,BOTTM,24/04/1998 0:00,24.12,CAN
11049,GOURL,24/04/1998 0:00,8.34,BRA
11050,FOLKO,27/04/1998 0:00,59.41,SWE
11051,LAMAI,27/04/1998 0:00,2.79,FRA
11052,HANAR,27/04/1998 0:00,67.26,BRA
11053,PICCO,27/04/1998 0:00,53.05,AUT
11054,CACTU,28/04/1998 0:00,0.33,ARG
11055,HILAA,28/04/1998 0:00,120.92,VEN
11056,EASTC,28/04/1998 0:00,278.96,GBR
11057,NORTS,29/04/1998 0:00,4.13,GBR
11058,BLAUS,29/04/1998 0:00,31.14,DEU
11059,RICAR,29/04/1998 0:00,85.8,BRA
11060,FRANS,30/04/1998 0:00,10.98,ITA
11061,GREAL,30/04/1998 0:00,14.01,USA
11062,REGGC,30/04/1998 0:00,29.93,ITA
11063,HUNGO,30/04/1998 0:00,81.73,IRL
11064,SAVEA,1/05/1998 0:00,30.09,USA
11065,LILAS,1/05/1998 0:00,12.91,VEN
11066,WHITC,1/05/1998 0:00,44.72,USA
11067,DRACD,4/05/1998 0:00,7.98,DEU
11068,QUEEN,4/05/1998 0:00,81.75,BRA
11069,TORTU,4/05/1998 0:00,15.67,MEX
11070,LEHMS,5/05/1998 0:00,136,DEU
11071,LILAS,5/05/1998 0:00,0.93,VEN
11072,ERNSH,5/05/1998 0:00,258.64,AUT
11073,PERIC,5/05/1998 0:00,24.95,MEX
11074,SIMOB,6/05/1998 0:00,18.44,DNK
11075,RICSU,6/05/1998 0:00,6.19,CHE
11076,BONAP,6/05/1998 0:00,38.28,FRA
11077,RATTC,6/05/1998 0:00,8.53,USA
